<?xml version="1.0" encoding="UTF-8"?>

<TEI xmlns="http://www.tei-c.org/ns/1.0" >


    <teiHeader>
        <fileDesc>

            <titleStmt>
                <title></title>
            </titleStmt>

            <publicationStmt>
                <p></p>
            </publicationStmt>

            <sourceDesc>
                <p></p>

                <listPlace>

                    <head>Lista dei luoghi</head>

                    <place xml:id="GhettoRO">
                        <placeName ref="https://www.geonames.org/11822324 https://it.wikipedia.org/wiki/Ghetto_di_Roma">Ex ghetto di Roma</placeName>
                        <district type="quartier" from="1555-07-12" to="1848-04-17">Ghetto di Roma</district>
                        <country key="IT">Italia</country>
                    </place>

                    <place xml:id="GhettoWA">
                        <placeName ref="https://www.geonames.org/11524356 https://www.treccani.it/enciclopedia/tag/ghetto-di-varsavia/">Ex ghetto di Varsavia</placeName>
                        <district type="quartier" from="1940-10-16" to="1943-05-16">Ghetto di Varsavia</district>
                        <country key="PL">Polonia</country>
                    </place>

                    <place xml:id="MI">
                        <placeName ref="https://www.geonames.org/3173435 https://www.treccani.it/enciclopedia/milano/">Milano</placeName>
                        <country key="IT">Italia</country>
                    </place>

                    <place xml:id="FM">
                        <placeName ref="https://www.geonames.org/3191648 https://www.treccani.it/enciclopedia/fiume/">Fiume</placeName>
                        <country key="HR">Croazia</country>                        
                    </place>

                    <place xml:id="IT">
                        <placeName ref="https://www.geonames.org/3175395 https://www.treccani.it/enciclopedia/italia/">Italia</placeName>
                        <country key="IT">Italia</country>
                    </place>

                    <place xml:id="Au">
                        <placeName ref="https://www.geonames.org/7701596 https://www.treccani.it/enciclopedia/auschwitz/">Auschwitz</placeName>
                        <country key="PL">Polonia</country>
                    </place>

                    <place xml:id="ROU">
                        <placeName ref="https://www.geonames.org/798549 https://www.treccani.it/enciclopedia/romania/">Romania</placeName>
                        <country key="ROU">Romania</country>
                    </place>

                    <place xml:id="Sighet">
                        <placeName ref="https://www.geonames.org/667227 https://www.treccani.it/enciclopedia/sighet_%28Enciclopedia-Italiana%29/">Sighet</placeName>
                        <country key="ROU">Romania</country>
                    </place>

                    <place xml:id="R0">
                        <placeName ref="https://www.geonames.org/3169070 https://www.treccani.it/enciclopedia/roma">Roma</placeName>
                        <country key="IT">Italia</country>
                    </place>

                    <place xml:id="StTib">
                        <placeName ref="https://www.geonames.org/3169043 https://it.wikipedia.org/wiki/Stazione_di_Roma_Tiburtina">Stazione Tiburtina</placeName>
                        <country key="IT">Italia</country>
                    </place>

                    <place xml:id="GO">
                        <placeName ref="https://www.geonames.org/3175986 https://www.treccani.it/enciclopedia/gorizia">Gorizia</placeName>
                        <country key="IT">Italia</country>
                    </place>

                    <place xml:id="PL">
                        <placeName ref="http://www.geonames.org/798544 https://www.treccani.it/enciclopedia/polonia/">Polonia</placeName>
                        <country key="PL">Polonia</country>
                    </place>

                    <place xml:id="FG">
                        <placeName ref="https://www.geonames.org/3176885 https://www.treccani.it/enciclopedia/foggia">Foggia</placeName>
                        <country key="IT">Italia</country>
                    </place>

                    <place xml:id="NA">
                        <placeName ref="https://www.geonames.org/3172394 https://www.treccani.it/enciclopedia/napoli/">Napoli</placeName>
                        <country key="IT">Italia</country>
                    </place>

                    <place xml:id="KY">
                        <placeName ref="https://www.geonames.org/2463679 https://www.treccani.it/enciclopedia/corfu/">Corfù</placeName>
                        <country key="GR">Grecia</country>
                    </place>

                    <place xml:id="RU">
                        <placeName ref="https://www.geonames.org/2017370 https://www.treccani.it/enciclopedia/russia/">Russia</placeName>
                        <country key="RU">Russia</country>
                    </place>

                    <place xml:id="DE">
                        <placeName ref="https://www.geonames.org/2921044 https://www.treccani.it/enciclopedia/germania/">Germania</placeName>
                        <country key="DE">Germania</country>
                    </place>

                    <place xml:id="GA">
                        <placeName ref="https://www.geonames.org/6556387 https://en.wikipedia.org/wiki/Gauting">Gauting</placeName>
                        <country key="DE">Germania</country>
                    </place>

                    <place xml:id="VE">
                        <placeName ref="https://www.geonames.org/3164603 https://www.treccani.it/enciclopedia/venezia/">Venezia</placeName>
                        <country key="IT">Italia</country>
                    </place>

                    <place xml:id="BEL">
                        <placeName ref="https://www.geonames.org/2802361 https://www.treccani.it/enciclopedia/bruxelles/">Belgio</placeName>
                        <country key="BE">Belgio</country>
                    </place>

                    <place xml:id="ISR">
                        <placeName ref="https://www.geonames.org/294640 https://www.treccani.it/enciclopedia/israele/">Israele</placeName>
                        <country key="IL">Israele</country>
                    </place>

                    <place xml:id="H">
                        <placeName ref="https://www.geonames.org/294801 https://www.treccani.it/enciclopedia/haifa/">Haifa</placeName>
                        <country key="IL">Israele</country>
                    </place>

                    <place xml:id="WA">
                        <placeName ref="https://www.geonames.org/756135 https://www.treccani.it/enciclopedia/varsavia/">Varsavia</placeName>
                        <country key="PL">Polonia</country>
                    </place>
                    
                    <place xml:id="PD">
                        <placeName ref="https://www.geonames.org/3171728 https://www.treccani.it/enciclopedia/padova/">Padova</placeName>
                        <country key="IT">Italia</country>
                    </place>

                    <place xml:id="StCen">
                        <placeName ref="https://www.geonames.org/7778933 https://it.wikipedia.org/wiki/Stazione_di_Padova">Stazione Padova Centrale</placeName>
                        <country key="IT">Italia</country>
                    </place>

                    <place xml:id="FU">
                        <placeName ref="https://www.geonames.org/2923544 https://www.treccani.it/enciclopedia/furth_%28Enciclopedia-Italiana%29/">Furth</placeName>
                        <country key="DE">Germania</country>
                    </place>

                    <place xml:id="BY">
                        <placeName ref="https://www.geonames.org/2951839 https://www.treccani.it/enciclopedia/baviera/">Baviera</placeName>
                        <country key="DE">Germania</country>
                    </place>

                    <place xml:id="Bi">
                        <placeName ref="https://www.geonames.org/7701596 https://www.treccani.it/enciclopedia/birkenau/">Birkenau</placeName>
                        <country key="PL">Polonia</country>
                    </place>

                    <place xml:id="Rav">
                        <placeName ref="https://www.geonames.org/6951801 https://it.wikipedia.org/wiki/Campo_di_concentramento_di_Ravensbrück">Ravensbruck</placeName>
                        <country key="DE">Germania</country>
                    </place>

                    <place xml:id="CA">
                        <placeName ref="https://www.geonames.org/6251999 https://www.treccani.it/enciclopedia/canada/">Canada</placeName>
                        <country key="CA">Canada</country>
                    </place>

                    <place xml:id="YU"> <!--stato non più esistente-->
                        <placeName ref="https://www.geonames.org/7500737 https://www.treccani.it/enciclopedia/iugoslavia/">Jugoslavia</placeName>
                        <country notBefore="1929" notAfter="2003">Jugoslavia</country>
                        <note resp="#GB">stato esistito tra il 1929 e il 2003</note>
                    </place>

                    <place xml:id="CS"> <!--stato non più esistente-->
                        <placeName ref="https://www.geonames.org/8505031 https://www.treccani.it/enciclopedia/cecoslovacchia/">Cecoslovacchia</placeName>
                        <country notBefore="1918" notAfter="1992">Cecoslovacchia</country>
                        <note resp="#GB">stato esistito tra il 1918 e il 1992</note>
                    </place>

                    <place xml:id="IAU"> <!--stato non più esistente-->
                        <placeName ref="https://it.wikipedia.org/wiki/Impero_austro-ungarico">Austria-Ungheria</placeName>
                        <country notBefore="1867" notAfter="1919">Austria-Ungheria</country>
                        <note resp="#GB">stato esistito tra il 1867 e il 1919</note>
                    </place>

                    <place xml:id="Te">
                        <placeName ref="https://www.geonames.org/3064268 https://www.treccani.it/enciclopedia/terezin/">Theresienstadt</placeName>
                        <country key="CZ">Repubblica Ceca</country>
                    </place>

                    <place xml:id="Ja">
                        <placeName ref="https://www.geonames.org/3097333 https://it.wikipedia.org/wiki/Jaworzno/">Jaworzno</placeName>
                        <country key="PL">Polonia</country>
                    </place>

                    <place xml:id="DA">
                        <placeName ref="http://www.geonames.org/2939623 https://www.treccani.it/enciclopedia/dachau/">Dachau</placeName>
                        <country key="DE">Germania</country>
                    </place>

                    <place xml:id="Sal">
                        <placeName ref="https://www.geonames.org/734077 https://www.treccani.it/enciclopedia/salonicco/">Salonicco</placeName>
                        <country key="GR">Grecia</country>
                    </place>

                    <place xml:id="B">
                        <placeName ref="https://www.geonames.org/2950159 https://www.treccani.it/enciclopedia/berlino/">Berlino</placeName>
                        <country key="DE">Germania</country>
                    </place>

                    <place xml:id="Fe">
                        <placeName ref="https://www.geonames.org/2927464 https://en.wikipedia.org/wiki/Feldafing">Feldafing</placeName>
                        <country key="DE">Germania</country>
                    </place>

                    <place xml:id="MC">
                        <placeName ref="https://www.geonames.org/2867714 https://www.treccani.it/enciclopedia/monaco-di-baviera/">Monaco di Baviera</placeName>
                        <country key="DE">Germania</country>
                    </place>

                    <place xml:id="EKU">
                        <placeName ref="https://www.geonames.org/3094170 https://it.wikipedia.org/wiki/Kutno">Kutno</placeName>
                        <country key="PL">Polonia</country>
                    </place>

                    <place xml:id="EU">
                        <placeName ref="https://www.geonames.org/6255148 https://www.treccani.it/enciclopedia/europa/">Europa</placeName>
                    </place>

                    <place xml:id="MU">
                        <placeName ref="https://www.geonames.org/2868506 https://it.wikipedia.org/wiki/Mühldorf_am_Inn">Muhldorf</placeName>
                        <country key="DE">Germania</country>
                    </place>

                    <place xml:id="WalV">
                        <placeName ref="https://www.geonames.org/2814872 https://rememor.eu/wp-content/uploads/2015/06/p06_therkel_straede_EN.pdf">Waldlager</placeName>
                        <country key="DE">Germania</country>
                    </place>

                    <place xml:id="TO">
                        <placeName ref="https://www.geonames.org/3165524 https://www.treccani.it/enciclopedia/torino/">Torino</placeName>
                        <country key="IT">Italia</country>
                    </place>

                    <place xml:id="Za">
                        <placeName ref="https://www.geonames.org/2805261 https://it.wikipedia.org/wiki/Zangberg">Zangberg</placeName>
                        <country key="DE">Germania</country>
                    </place>

                    <place xml:id="S">
                        <placeName ref="https://www.geonames.org/2825297 https://www.treccani.it/enciclopedia/stoccarda/">Stoccarda</placeName>
                        <country key="DE">Germania</country>
                    </place>

                    <place xml:id="Po">
                        <placeName ref="https://www.geonames.org/6556158 https://it.wikipedia.org/wiki/Poing">Poing</placeName>
                        <country key="DE">Germania</country>
                    </place>

                    <place xml:id="A">
                        <placeName ref="https://www.geonames.org/2954172 https://www.treccani.it/enciclopedia/augusta/">Augsburg</placeName>
                        <country key="DE">Germania</country>
                    </place>

                    <place xml:id="Wal">
                        <placeName ref="https://www.geonames.org/2814392 https://it.wikipedia.org/wiki/Waltershausen">Waltershausen</placeName>
                        <country key="DE">Germania</country>
                    </place>

                    <place xml:id="Ko">
                        <placeName ref="https://www.geonames.org/2886920 https://en.wikipedia.org/wiki/Kochelsee">Lago di Kochel</placeName>
                        <country key="DE">Germania</country>
                    </place>

                    <place xml:id="Tu">
                        <placeName ref="https://www.geonames.org/2820692 https://it.wikipedia.org/wiki/Tutzing">Tutzing</placeName>
                        <country key="DE">Germania</country>
                    </place>

                    <place xml:id="Tr">
                        <placeName ref="https://www.geonames.org/664661 https://www.treccani.it/enciclopedia/transilvania/">Transilvania</placeName>
                        <country key="ROU">Romania</country>
                    </place>

                    <place xml:id="HU">
                        <placeName ref="https://www.geonames.org/719819 https://www.treccani.it/enciclopedia/ungheria/">Ungheria</placeName>
                        <country key="HU">Ungheria</country>
                    </place>

                    <place xml:id="USA">
                        <placeName ref="https://www.geonames.org/6252001 https://www.treccani.it/enciclopedia/stati-uniti-d-america/">Stati Uniti d'America</placeName>
                        <country key="USA">Stati Uniti d'America</country>
                    </place>

                    <place xml:id="NY">
                        <placeName ref="https://www.geonames.org/5128581 https://www.treccani.it/enciclopedia/new-york/">New York</placeName>
                        <country key="USA">Stati Uniti d'America</country>
                    </place>

                    <place xml:id="RisieraSS">
                        <placeName ref="https://www.geonames.org/11127083 https://it.wikipedia.org/wiki/Risiera_di_San_Sabba">Risiera di San Sabba</placeName>
                        <country key="IT">Italia</country>
                    </place>

                    <place xml:id="TS">
                        <placeName ref="https://www.geonames.org/3165185 https://www.treccani.it/enciclopedia/trieste/">Trieste</placeName>
                        <country key="IT">Italia</country>
                    </place>

                    <place xml:id="TI">
                        <placeName ref="https://www.geonames.org/2659836 https://www.treccani.it/enciclopedia/lugano/">Lugano</placeName>
                        <country key="CH">Svizzera</country>
                    </place>

                    <place xml:id="Re">
                        <placeName ref="https://www.geonames.org/3169539 https://www.treccani.it/enciclopedia/recco/">Recco</placeName>
                        <country key="IT">Italia</country>
                    </place>

                    <place xml:id="GE">
                        <placeName ref="https://www.geonames.org/6542282 https://www.treccani.it/enciclopedia/genova/">Genova</placeName>
                        <country key="IT">Italia</country>
                    </place>

                    <place xml:id="BYHM">
                        <placeName ref="https://www.geonames.org/625144 https://www.treccani.it/enciclopedia/minsk/">Minsk</placeName>
                        <country key="BY">Bielorussia</country>
                    </place>

                    <place xml:id="Friuli">
                        <placeName ref="https://www.treccani.it/enciclopedia/friuli/">Friuli</placeName>
                        <country key="IT">Italia</country>
                    </place>

                    <place xml:id="LI">
                        <placeName ref="http://www.geonames.org/3174659 https://www.treccani.it/enciclopedia/livorno/">Livorno</placeName>
                        <country key="IT">Italia</country>
                    </place>

                    <place xml:id="FE">
                        <placeName ref="https://www.geonames.org/3177120 https://www.treccani.it/enciclopedia/feltre/">Feltre</placeName>
                        <country key="IT">Italia</country>
                    </place>

                    <place xml:id="CAM">
                        <placeName ref="https://www.geonames.org/3181042 https://www.treccani.it/enciclopedia/campania/">Campania</placeName>
                        <country key="IT">Italia</country>
                    </place>

                    <place xml:id="SA">
                        <placeName ref="https://www.geonames.org/3168673 https://www.treccani.it/enciclopedia/salerno/">Salerno</placeName>
                        <country key="IT">Italia</country>
                    </place>

                    <place xml:id="HU-DE">
                        <placeName ref="https://www.geonames.org/721472 https://www.treccani.it/enciclopedia/debrecen/">Debrecen</placeName>
                        <country key="HU">Ungheria</country>
                    </place>

                    <place xml:id="AR">
                        <placeName ref="https://www.geonames.org/3865483 https://www.treccani.it/enciclopedia/argentina/">Argentina</placeName>
                        <country key="AR">Argentina</country>
                    </place>

                    <place xml:id="PY">
                        <placeName ref="https://www.geonames.org/3437598 https://www.treccani.it/enciclopedia/paraguay/">Paraguay</placeName>
                        <country key="PY">Paraguay</country>
                    </place>

                    <place xml:id="HU-BU">
                        <placeName ref="https://www.geonames.org/3054643 https://www.treccani.it/enciclopedia/budapest/">Budapest</placeName>
                        <country key="HU">Ungheria</country>
                    </place>

                    <place xml:id="TOS">
                        <placeName ref="https://www.geonames.org/3165361 https://www.treccani.it/enciclopedia/toscana/">Toscana</placeName>
                        <country key="IT">Italia</country>
                    </place>

                    <place xml:id="UMB">
                        <placeName ref="https://www.geonames.org/3165048 https://www.treccani.it/enciclopedia/umbria/">Umbria</placeName>
                        <country key="IT">Italia</country>
                    </place>

                    <place xml:id="RA">
                        <placeName ref="https://www.geonames.org/3169602 https://www.treccani.it/enciclopedia/rapallo/">Rapallo</placeName>
                        <country key="IT">Italia</country>
                    </place>

                    <place xml:id="OVP">
                        <placeName ref="http://www.geonames.org/6548306 https://it.wikipedia.org/wiki/Peenemünde">Peenemunde</placeName>
                        <country key="DE">Germania</country>
                    </place>

                    <place xml:id="Alpi">
                        <placeName ref="https://www.geonames.org/2661786 https://www.treccani.it/enciclopedia/alpi/">Alpi</placeName>
                        <country key="IT">Italia</country>
                        <country key="AT">Austria</country>
                        <country key="CH">Svizzera</country>
                        <country key="DE">Germania</country>
                        <country key="FR">Francia</country>
                        <country key="LI">Liechtenstein</country>
                        <country key="MC">Monaco</country>
                        <country key="SI">Slovenia</country>
                    </place>

                    <place xml:id="Tevere">
                        <placeName ref="https://www.geonames.org/11856723 https://www.treccani.it/enciclopedia/tevere/">Tevere</placeName>
                        <country key="IT">Italia</country>
                    </place>

                    <place xml:id="Vistola">
                        <placeName ref="https://www.geonames.org/3081873 https://www.treccani.it/enciclopedia/vistola/">Vistola</placeName>
                        <country key="PL">Polonia</country>
                    </place>
                </listPlace>
            
            </sourceDesc>

        </fileDesc>

    </teiHeader>
</TEI>




